,roc_auc,pr_auc,f1,mcc
Ensemble,0.9296719757333815,0.9141899048501312,0.6335216572504708,0.5706700634599177
