,roc_auc,pr_auc,f1,mcc
GNN v2,0.8492365798922,0.8487604445555512,0.564528899445764,0.5149872731276478
