,accuracy,roc_auc,pr_auc,f1,mcc,roc_std,pr_std,n_folds
Logistic Regression,0.8356323181286153,0.8766752786373226,0.8891902322323195,0.8349662085062194,0.5278696130337346,0.22106380234848386,0.23596543345160467,54.0
Random Forest,0.8594395374340649,0.9038562475682012,0.9174458613804176,0.8504518407065957,0.6157370445080048,0.15184922825971156,0.20517983705126755,54.0
XGBoost,0.7877599043191784,0.8250755683810748,0.8608621444734408,0.8056077940304043,0.3778368372390801,0.21786330489495737,0.2468322297142496,54.0
Gradient Boosting,0.8126479386948512,0.8300921855508283,0.8602821283422999,0.8184775381549613,0.4350029644458218,0.24537641872401333,0.2573362342991339,54.0
